related_query,num_keywords
mindfulness meditation,3
mindfulness,2
meditation,2
meditation music,2
meditation for anxiety,2
meditation for sleep,2
sleep meditation,2
mindfulness traducción,1
mindfulness therapy,1
mindfulness techniques,1
mindfulness training,1
mindfulness yoga,1
mindfulness คือ,1
morning breathwork,1
mindfulness significato,1
morning meditation,1
mindfulness traduzione,1
neurodynamic breathwork,1
mindfulness que es y como se práctica,1
nidra yoga for sleep,1
nidra yoga meditation,1
non sleep deep rest,1
nsdr,1
nsdr huberman,1
ohrinsel meditation,1
othership breathwork,1
owaken breathwork,1
peter beer meditation,1
pipersong meditation chair,1
que es el mindfulness,1
mindfulness que es y para que sirve,1
mindfulness practice,1
mindfulness que es,1
mindfulness practices,1
mindfulness book,1
mindfulness books,1
mindfulness co to,1
mindfulness colouring,1
mindfulness cos'è,1
mindfulness definition,1
mindfulness exercises,1
mindfulness for anxiety,1
mindfulness for kids,1
mindfulness guided meditation,1
mindfulness jelentése,1
mindfulness là gì,1
mindfulness meaning,1
mindfulness meaning in hindi,1
mindfulness music,1
mindfulness ne demek,1
mindfulness nedir,1
mindfulness o que é,1
mindfulness online,1
mindfulness para asesinos,1
mindfulness para dormir,1
mindfulness pdf,1
rebirthing breathwork,1
ram dass guided meditation,1
replica matcha meditation,1
mindfulness app,1
yoga nidra ally boothroyd sleep,1
yoga nidra cédric michel,1
yoga nidra einschlafen,1
yoga nidra for sleep and anxiety,1
yoga nidra guided meditation,1
yoga nidra in hindi,1
yoga nidra lizzy hill,1
yoga nidra meaning,1
yoga nidra mindful movement,1
yoga nidra nsdr,1
yoga nidra online,1
yoga nidra para dormir,1
yoga nidra para dormir profundamente,1
yoga nidra pdf,1
yoga nidra per dormire,1
yoga nidra script,1
yoga nidra slaap,1
yoga nidra sleep meditation,1
yoga nidra sri sri,1
yoga nidra sömn,1
yoga nidra teacher training near me,1
yoga nidra training,1
yoga nidra you tube,1
yoga nidra youtube,1
youtube guided meditation for anxiety,1
youtube meditation,1
yoga nidra benefits,1
yoga nidra ally boothroyd,1
self guided meditation,1
yoga nidra 20 minutes,1
sleep guided meditation,1
sleep yoga nidra,1
somatic breathwork,1
somatic breathwork near me,1
somatic release breathwork,1
somatic therapy,1
the breathwork movement,1
tim morrison breathwork,1
tim rowe yoga nidra,1
transcendental meditation,1
vipassana,1
vipassana meditation,1
vipassana meditation centre,1
what is breathwork,1
what is guided meditation,1
what is meditation,1
what is mindfulness,1
what is yoga nidra,1
wim hof,1
wim hof breathwork,1
witality breathwork,1
yin yoga,1
yoga,1
yoga meditation,1
yoga nidra 10 minutes,1
mindfulness artinya,1
10 minute guided meditation,1
mindfulness adalah,1
mindfulness activities,1
breathwork meaning,1
breathwork meditation,1
breathwork movement,1
breathwork near me,1
breathwork o que é,1
breathwork online,1
breathwork que es,1
breathwork retreat,1
breathwork sessie,1
breathwork techniques,1
breathwork therapy,1
breathwork training,1
breathwork youtube,1
cedric michel yoga nidra,1
chakra meditation,1
chakra meditation guided,1
conscious connected breathwork,1
dr joe dispenza meditation,1
formation breathwork,1
free guided meditation,1
free guided meditation for sleep,1
free guided meditation for sleep and anxiety,1
gary brecka breathwork,1
guided breathing meditation,1
guided meditation,1
breathwork instructor,1
breathwork facilitator,1
breathwork course,1
best guided meditation,1
15 minute guided meditation,1
20 minute guided meditation,1
30 minute guided meditation,1
5 minute meditation,1
5 minute meditation guided,1
9d breathwork,1
anabel otero yoga nidra,1
andrew huberman,1
andrew huberman yoga nidra,1
anika henkelmann meditation,1
best breathwork app,1
best guided meditation youtube,1
breathwork coach,1
best guided sleep meditation jason stephenson,1
boho beautiful meditation,1
breath work,1
breathwork app,1
breathwork ausbildung,1
breathwork benefits,1
breathwork certification,1
breathwork class,1
breathwork class london,1
breathwork class near me,1
breathwork classes,1
guided meditation 5 minutes,1
guided meditation anxiety,1
guided meditation for anxiety,1
meditation kaise kare,1
matcha meditation,1
meaning of mindfulness,1
meditación guiada mindfulness,1
meditación mindfulness,1
meditation and mindfulness,1
meditation app,1
meditation benefits,1
meditation cedric michel,1
meditation centre near me,1
meditation du matin,1
meditation einschlafen,1
meditation lacher prise,1
kids meditation,1
meditation meaning,1
meditation meaning in hindi,1
meditation near me,1
meditation pour dormir,1
meditation retreat,1
meditation youtube,1
meditation zum einschlafen,1
mike meditation,1
mindful,1
mindful movement sleep meditation,1
10 minute guided meditation for sleep,1
mady morrison meditation,1
kelly boys yoga nidra,1
guided meditation for anxiety and overthinking,1
guided meditation script,1
guided meditation for anxiety and sleep,1
guided meditation for healing,1
guided meditation for healing the body,1
guided meditation for self love,1
guided meditation for sleep,1
guided meditation for sleep and healing,1
guided meditation for stress and anxiety,1
guided meditation healing,1
guided meditation kids,1
guided meditation morning,1
guided meditation music,1
guided meditation sleep,1
joe dispenza morning meditation,1
guided meditation youtube,1
guided yoga nidra,1
healing meditation,1
holotropic breathwork,1
huberman yoga nidra,1
inward breathwork,1
jason stephenson guided meditation,1
jason stephenson guided meditation sleep 30 minutes,1
joe dispenza,1
joe dispenza guided meditation,1
joe dispenza meditation,1
youtube mindfulness,1
